Area ($m^2$),Number of rooms,Latitude,Longitude,Rent (in eur)
45.43,1.0,53.5715093,10.0127361,995.0
51.86,2.0,53.4836,10.125,1135.0
45.64,2.0,53.4922921,9.9962167,1118.0
52.07,2.0,53.5429127,9.9958346,1275.0
57.25,2.0,53.5963901,10.0038317,1374.0
19.25,1.0,53.5967771,9.9284099,680.0
66.57,2.5,53.5967771,9.9284099,408.85
87.12,3.0,53.5963901,10.0038317,535.05
56.62,2.0,53.5550658,9.9198188,668.12
114.4,3.0,53.5798851,10.0432506,2200.0
74.67,2.5,53.561882,10.0211917,1306.73
43.0,1.5,53.5571491,10.0142558,699.0
95.0,3.0,53.5550658,9.9198188,2600.0
65.0,2.0,53.5715093,10.0127361,1199.0
52.0,2.0,53.5550658,9.9198188,899.0
73.12,2.0,53.5963901,10.0038317,1257.66
164.0,3.0,53.4836,10.125,3300.0
56.0,2.0,53.6284111,9.9557091,1120.0
60.0,2.5,53.5715093,10.0127361,1200.0
35.0,2.0,53.5651302,10.0823813,1180.0
92.08,2.0,53.5754331,9.9804402,1308.0
73.02,3.0,53.6397433,10.0395255,884.27
51.84,2.0,53.5690699,9.9055827,1080.0
33.0,1.0,53.5550626,9.8878602,800.0
125.0,4.5,53.5847,9.75639,2200.0
63.0,2.0,53.6105412,10.0038889,963.0
79.0,3.0,53.6038827,10.1581547,1220.0
160.0,5.0,53.6284111,9.9557091,2950.0
160.0,5.5,53.5715093,10.0127361,2160.0
54.0,2.0,53.5754331,9.9804402,745.0
64.0,2.0,53.5847,9.75639,2300.0
57.57,2.0,53.5715093,10.0127361,1010.0
111.0,3.5,53.616809,10.0790012,2250.0
72.0,2.0,53.5847,9.75639,969.0
35.0,1.0,53.6215437,10.0377601,465.0
83.5,3.0,53.5063478,10.2086426,1900.0
80.0,3.0,53.57293715,9.958260688824495,1598.0
99.0,3.0,53.5963901,10.0038317,2360.0
125.0,4.5,53.5550658,9.9198188,2500.0
68.0,2.5,53.6038827,10.1581547,1500.0
83.82,3.0,53.4562216,9.9872112,1253.0
15.0,1.0,53.5988941,10.0480997,250.0
66.0,2.0,53.5690699,9.9055827,900.0
56.74,2.0,53.5754331,9.9804402,779.0
70.85,3.0,53.4507864,9.9596853,996.57
80.0,3.0,53.5496598,9.945352,1500.0
55.0,2.0,53.5715093,10.0127361,1450.0
59.0,2.0,53.5534434,10.0512944,600.0
89.0,3.0,53.5963901,10.0038317,1200.0
23.77,1.0,53.5754331,9.9804402,690.0
71.9,3.0,53.5760029,10.0755348,1395.0
37.0,1.0,53.5550658,9.9198188,1180.0
70.7,2.0,53.5534434,10.0512944,1060.0
72.0,2.5,53.5929519,9.874564,1900.0
67.0,2.0,53.6522,10.1169,1034.0
74.02,2.0,53.6284111,9.9557091,1195.0
50.0,2.0,53.57293715,9.958260688824495,1100.0
120.0,3.0,53.616809,10.0790012,2050.0
57.94,2.0,53.6522,10.1169,834.0
30.0,1.0,53.6734296,10.1268758,780.0
35.52,1.0,53.5496598,9.945352,880.0
66.0,2.0,53.5967771,9.9284099,874.5
67.81,2.0,53.5963901,10.0038317,1050.0
52.0,2.0,53.6038827,10.1581547,900.0
52.0,2.0,53.463229,9.9420937,1300.0
66.23,2.0,53.57293715,9.958260688824495,1140.0
105.0,3.0,53.5496598,9.945352,1873.01
79.0,2.5,53.4739581,9.8426482,1280.0
55.0,1.5,53.5715093,10.0127361,1290.0
129.79,3.5,53.5429127,9.9958346,1940.0
76.0,2.0,53.5758367,10.1337359,1750.0
100.0,3.0,53.57293715,9.958260688824495,1250.0
57.25,2.0,53.5967771,9.9284099,695.0
52.0,2.5,53.5798851,10.0432506,950.0
90.0,2.0,53.561882,10.0211917,1800.0
124.28,4.5,53.561882,10.0211917,1610.0
69.0,2.5,53.561882,10.0211917,1752.0
46.2,1.0,53.561882,10.0211917,1255.0
40.02,1.0,53.561882,10.0211917,587.0
92.44,2.0,53.561882,10.0211917,1900.0
44.0,1.0,53.5798851,10.0432506,912.0
104.66,4.0,53.6323399,10.0233695,1590.0
66.7,2.0,53.5715093,10.0127361,1265.0
65.8,2.0,53.6522,10.1169,1250.0
66.7,2.0,53.483838399999996,10.210046893663424,1265.0
50.0,1.0,53.5967771,9.9284099,980.0
59.3,2.0,53.5758367,10.1337359,1070.0
49.0,2.0,53.5063478,10.2086426,1025.0
52.03,1.5,53.6016281,9.960312,930.0
29.0,1.0,53.57293715,9.958260688824495,320.0
80.0,3.5,53.616809,10.0790012,1200.0
73.25,2.0,53.5308822,9.8585234,800.0
44.49,2.0,53.616809,10.0790012,510.0
49.5,2.0,53.4490678,10.2290905,1090.0
59.49,2.0,53.6633,10.0083,650.0
81.0,3.0,53.605,9.91611,1125.0
64.45,2.0,53.5963901,10.0038317,800.0
50.54,2.0,53.5869,10.1175,850.0
30.22,1.0,53.5988941,10.0480997,438.0
53.11,1.5,53.5988941,10.0480997,677.32
48.94,2.0,53.5550658,9.9198188,440.0
72.58,3.0,53.57293715,9.958260688824495,995.0
70.0,3.0,53.57293715,9.958260688824495,805.0
56.01,2.0,53.57293715,9.958260688824495,500.0
87.0,3.0,53.5488992,10.1226247,1500.0
62.22,2.0,53.5488992,10.1226247,690.0
30.4,1.0,53.6397433,10.0395255,1216.0
30.4,1.0,53.6105412,10.0038889,1216.0
152.0,3.0,53.6633,10.0083,2356.0
42.0,2.0,53.561882,10.0211917,765.0
65.0,3.0,53.5798851,10.0432506,1250.0
60.0,2.0,53.463229,9.9420937,1190.0
52.0,3.0,53.6284111,9.9557091,560.0
43.0,2.0,53.561882,10.0211917,455.8
76.0,3.0,53.6564,10.0742,1095.0
61.0,1.0,53.5825665,10.0629287,1100.0
61.0,2.0,53.5869,10.1175,650.0
60.0,2.5,53.5798851,10.0432506,1200.0
21.0,1.0,53.561882,10.0211917,620.0
68.44,3.0,53.5798851,10.0432506,800.74
68.18,3.0,53.5488992,10.1226247,795.0
55.0,2.0,53.5988941,10.0480997,950.0
93.29,3.0,53.6105412,10.0038889,1026.0
68.67,3.0,53.5963901,10.0038317,637.49
67.0,3.0,53.5798851,10.0432506,715.0
67.0,2.0,53.5798851,10.0432506,1700.0
45.0,1.5,53.5534434,10.0512944,990.0
68.0,2.0,53.6105412,10.0038889,646.0
30.4,1.0,53.57293715,9.958260688824495,1216.0
72.0,2.5,53.6522,10.1169,1100.0
51.0,2.0,53.5534434,10.0512944,1000.0
50.0,2.0,53.5988941,10.0480997,1000.0
54.0,2.0,53.6633,10.0083,900.0
68.0,2.5,53.4562216,9.9872112,950.0
30.0,1.0,53.57293715,9.958260688824495,840.0
85.68,3.0,53.4377642,9.9694762,848.0
68.0,2.5,53.5967771,9.9284099,950.0
35.0,1.0,53.4458667,9.9852752,650.0
67.94,3.0,53.4332145,10.0063954,964.75
75.0,3.0,53.6374003,9.9188308,790.0
111.89,5.0,53.561882,10.0211917,1973.06
43.0,1.0,53.5967771,9.9284099,750.0
72.1,3.0,53.5534434,10.0512944,815.0
32.0,1.0,53.4458667,9.9852752,360.0
75.0,2.0,53.4562216,9.9872112,820.0
50.0,2.0,53.5575,9.80306,540.0
85.42,3.0,53.5963901,10.0038317,1100.0
40.0,1.0,53.4507864,9.9596853,835.0
40.0,1.5,53.6323399,10.0233695,700.0
50.0,1.0,53.5550288,10.0332999,600.0
118.18,2.0,53.5798851,10.0432506,1233.79
53.0,2.0,53.57293715,9.958260688824495,825.0
40.0,1.0,53.6105412,10.0038889,600.0
82.0,3.0,53.6522,10.1169,1215.0
77.11,3.0,53.5575,9.80306,1368.01
91.0,3.0,53.5285492,9.9976944,1280.0
50.03,2.0,53.5285492,9.9976944,675.0
57.0,2.0,53.4507864,9.9596853,868.0
52.0,1.5,53.5182412,9.8079161,800.0
54.0,2.5,53.5285492,9.9976944,875.0
60.0,2.0,53.5575,9.80306,1390.0
28.0,2.0,53.4739581,9.8426482,540.0
46.0,1.0,53.4562216,9.9872112,564.0
47.0,2.0,53.5668105,10.0467025,538.21
50.0,2.0,53.57293715,9.958260688824495,585.75
59.0,2.0,53.5715093,10.0127361,600.0
54.52,3.0,53.5063478,10.2086426,430.0
40.0,2.0,53.5715093,10.0127361,533.28
106.0,3.0,53.5967771,9.9284099,1485.0
107.96,3.0,53.6038827,10.1581547,1445.0
73.0,3.0,53.6038827,10.1581547,344.61
50.0,1.0,53.4562216,9.9872112,507.0
53.87,2.0,53.5575,9.80306,850.0
33.59,1.0,53.6100427,10.1124083,500.0
80.57,3.0,53.5967771,9.9284099,1089.82
47.0,2.0,53.5798851,10.0432506,1080.0
92.18,3.0,53.5798851,10.0432506,1251.0
39.0,2.0,53.5754331,9.9804402,399.9
50.0,2.0,53.5963901,10.0038317,695.0
59.0,2.0,53.5690699,9.9055827,697.85
32.75,1.0,53.463229,9.9420937,333.95
39.18,1.0,53.463229,9.9420937,685.2
54.0,2.0,53.5963901,10.0038317,1230.0
72.0,3.0,53.5988941,10.0480997,1225.0
40.0,1.0,53.5834338,9.9752203,720.0
74.0,3.0,53.463229,9.9420937,1200.0
50.0,2.0,53.463229,9.9420937,785.0
40.0,2.0,53.6038827,10.1581547,475.0
59.56,2.0,53.6374003,9.9188308,475.78
63.3,3.0,53.5814103,9.7963373,502.72
76.0,3.0,53.5539347,9.9594316,1479.11
63.0,2.0,53.6284111,9.9557091,576.0
72.4,3.0,53.6633,10.0083,1250.0
64.25,2.5,53.4458667,9.9852752,513.85
65.59,3.0,53.5903912,9.9868771,520.43
77.27,3.0,53.5429127,9.9958346,1160.0
73.0,3.0,53.6105412,10.0038889,722.7
43.38,1.5,53.6485554,10.1647514,665.0
48.0,2.0,53.5754331,9.9804402,970.0
55.0,2.0,53.57293715,9.958260688824495,900.0
91.7,3.0,53.6633,10.0083,1480.0
82.0,2.0,53.6038827,10.1581547,870.0
85.9,3.0,53.6106843,10.058728,1500.0
91.8,3.0,53.483838399999996,10.210046893663424,1510.0
39.6,1.0,53.4206766,10.1999146,659.06
77.0,3.0,53.7019,10.1306,906.0
98.0,3.0,53.616809,10.0790012,2160.0
20.0,1.0,53.5498808,9.9790482,690.0
83.0,3.0,53.5498808,9.9790482,1876.0
44.0,1.0,53.5988941,10.0480997,595.0
78.34,3.0,53.5963901,10.0038317,730.0
64.92,2.0,53.5655862,9.8792333,938.0
150.0,3.5,53.5963901,10.0038317,1500.0
43.0,1.0,53.5534434,10.0512944,538.0
47.0,2.0,53.5690699,9.9055827,580.0
85.4,3.0,53.6397433,10.0395255,1878.8
62.5,2.0,53.6105412,10.0038889,1090.0
123.1,4.0,53.483838399999996,10.210046893663424,1931.0
70.99,3.0,53.4922921,9.9962167,923.0
63.0,2.5,53.5967771,9.9284099,825.0
71.0,2.0,53.5758367,10.1337359,1237.53
69.3,2.0,53.5063478,10.2086426,602.91
74.84,3.0,53.4379045,10.2260934,1429.44
80.87,3.0,53.5988941,10.0480997,1150.0
75.84,4.0,53.463229,9.9420937,949.0
63.53,2.0,53.5963901,10.0038317,945.0
66.28,2.0,53.6485554,10.1647514,503.73
82.5,2.0,53.6284111,9.9557091,1101.25
39.84,1.5,53.4752031,10.0810767,278.88
130.0,5.0,53.5668105,10.0467025,1430.0
120.0,3.0,53.5614,9.94472,1140.0
69.68,3.0,53.5668105,10.0467025,971.25
97.0,2.0,53.57293715,9.958260688824495,1067.0
195.0,6.0,53.616809,10.0790012,3300.0
111.0,3.0,53.5655862,9.8792333,1525.0
62.0,2.0,53.6038827,10.1581547,900.0
86.33,3.0,53.5903912,9.9868771,1290.0
65.0,2.5,53.5550658,9.9198188,800.0
90.0,3.0,53.5540624,10.0889179,1600.0
29.0,1.0,53.6284111,9.9557091,430.0
108.92,3.0,53.5825665,10.0629287,1850.0
88.0,3.0,53.6038827,10.1581547,1276.0
84.0,3.0,53.5684065,9.9874317,1400.0
52.0,2.0,53.5869,10.1175,650.0
36.0,1.5,53.5738475,9.8602253,438.0
72.0,3.0,53.5760029,10.0755348,1300.0
75.75,3.0,53.5963901,10.0038317,807.5
71.81,3.0,53.5963901,10.0038317,778.42
73.47,2.5,53.6374003,9.9188308,789.8
96.76,4.0,53.605,9.91611,1076.94
58.0,2.0,53.5760029,10.0755348,900.0
80.0,3.0,53.5967771,9.9284099,740.0
71.3,2.0,53.5988941,10.0480997,1140.0
88.0,3.0,53.483838399999996,10.210046893663424,1230.0
76.0,3.0,53.5738475,9.8602253,1590.0
45.0,1.0,53.4458667,9.9852752,800.0
100.0,3.0,53.4562216,9.9872112,1400.0
52.0,2.0,53.6038827,10.1581547,570.0
13.0,1.0,53.5668105,10.0467025,400.0
57.0,2.0,53.5807542,9.9683313,1272.0
28.0,1.0,53.4507864,9.9596853,716.0
55.0,2.0,53.5571491,10.0142558,786.5
53.0,2.0,53.5571491,10.0142558,1100.0
51.0,2.0,53.5847,9.75639,588.0
55.0,2.0,53.4562216,9.9872112,859.0
67.0,2.5,53.5550626,9.8878602,850.0
35.0,1.0,53.5550626,9.8878602,470.0
82.0,3.0,53.5550626,9.8878602,1550.0
74.0,3.0,53.5550626,9.8878602,1145.0
21.09,1.0,53.5550626,9.8878602,485.0
144.0,4.0,53.5550626,9.8878602,3170.0
88.0,3.0,53.5550626,9.8878602,1195.0
70.46,3.0,53.616809,10.0790012,985.0
74.24,3.0,53.5690699,9.9055827,1795.0
134.29,4.0,53.463229,9.9420937,3910.0
67.76,2.0,53.5534434,10.0512944,1995.0
91.58,3.0,53.5534434,10.0512944,2145.0
84.8,2.0,53.5617679,9.9632822,2245.0
106.99,3.0,53.5575,9.80306,2310.0
134.75,3.0,53.5429127,9.9958346,3850.0
63.01,2.5,53.5571491,10.0142558,540.0
109.0,2.0,53.5571491,10.0142558,1798.5
65.0,2.0,53.5571491,10.0142558,800.0
64.53,2.5,53.6016281,9.960312,800.0
21.04,1.0,53.605,9.91611,425.0
97.0,4.0,53.6100427,10.1124083,2065.0
38.0,1.0,53.6633,10.0083,503.0
114.56,2.0,53.5758367,10.1337359,2321.68
31.0,1.0,53.6397433,10.0395255,840.0
41.0,2.0,53.6397433,10.0395255,985.0
92.0,4.5,53.57293715,9.958260688824495,1655.0
94.0,3.0,53.5825665,10.0629287,1289.33
84.14,4.0,53.5496598,9.945352,953.31
33.79,1.0,53.54834,10.0018501,534.37
60.82,2.0,53.463229,9.9420937,930.0
45.0,1.0,53.4490678,10.2290905,1136.0
112.78,3.0,53.4739581,9.8426482,2250.0
99.92,4.0,53.561882,10.0211917,2250.0
60.0,2.0,53.6105412,10.0038889,1470.0
47.68,2.0,53.4922921,9.9962167,500.0
30.28,1.0,53.5468152,10.0265586,549.0
41.48,1.0,53.4206766,10.1999146,1195.0
45.67,2.0,53.6038827,10.1581547,402.0
59.35,2.0,53.5540624,10.0889179,650.0
57.26,2.0,53.5488992,10.1226247,805.0
74.0,3.0,53.605,9.91611,1539.0
75.0,3.0,53.4562216,9.9872112,950.0
80.18,2.0,53.5575,9.80306,1140.0
66.22,2.0,53.616809,10.0790012,1200.0
83.0,3.0,53.5534434,10.0512944,970.0
65.31,2.0,53.6374003,9.9188308,645.0
53.63,2.0,53.6284111,9.9557091,500.0
65.66,2.5,53.5967771,9.9284099,535.19
66.0,2.0,53.5496598,9.945352,900.0
55.0,2.0,53.6016281,9.960312,580.0
102.0,3.0,53.6522,10.1169,1795.0
86.51,3.0,53.57293715,9.958260688824495,1187.0
46.0,2.0,53.6564,10.0742,570.0
51.0,2.0,53.483838399999996,10.210046893663424,595.0
45.0,2.0,53.4739581,9.8426482,590.0
41.0,1.0,53.5758367,10.1337359,700.0
53.0,3.5,53.463229,9.9420937,998.0
78.0,3.0,53.5429127,9.9958346,1400.0
117.0,3.0,53.54834,10.0018501,2050.0
37.0,1.0,53.5429127,9.9958346,497.31
73.49,3.0,53.5429127,9.9958346,983.19
53.5,3.0,53.6564,10.0742,650.0
42.73,1.0,53.5798851,10.0432506,670.0
79.25,3.0,53.5668105,10.0467025,999.0
63.5,3.0,53.5715093,10.0127361,620.0
78.24,3.0,53.5550626,9.8878602,1760.4
63.52,2.0,53.5963901,10.0038317,815.62
64.62,3.0,53.5963901,10.0038317,1357.02
90.62,3.0,53.483838399999996,10.210046893663424,1721.78
105.0,3.0,53.5738475,9.8602253,1575.0
22.47,1.0,53.605,9.91611,674.1
66.1,3.0,53.5550288,10.0332999,538.0
49.2,2.0,53.483838399999996,10.210046893663424,670.0
122.9,4.0,53.5738475,9.8602253,1767.3
27.0,1.0,53.5903912,9.9868771,420.0
70.2,2.0,53.5738475,9.8602253,1123.0
93.0,3.0,53.5988941,10.0480997,1500.0
65.91,3.0,53.5758367,10.1337359,725.01
69.06,3.0,53.5614,9.94472,782.45
67.0,2.0,53.616809,10.0790012,837.5
50.0,2.0,53.6431,10.0897,616.0
71.0,2.0,53.4458667,9.9852752,900.0
55.0,3.0,53.5524166,9.8443521,1100.0
68.33,3.0,53.6284111,9.9557091,899.0
28.3,1.0,53.5715093,10.0127361,410.0
40.02,1.0,53.5550288,10.0332999,571.0
24.45,1.0,53.5754331,9.9804402,399.0
72.77,3.0,53.5903912,9.9868771,1346.24
100.9,3.0,53.4922921,9.9962167,1412.6
57.0,2.0,53.4507864,9.9596853,585.0
61.0,2.0,53.5715093,10.0127361,1041.23
58.3,2.0,53.6633,10.0083,670.0
27.12,1.0,53.605,9.91611,686.4
41.24,1.5,53.5967771,9.9284099,336.0
39.0,1.0,53.561882,10.0211917,895.0
55.0,1.5,53.5963901,10.0038317,985.0
59.33,2.0,53.5847,9.75639,428.96
40.0,2.0,53.54834,10.0018501,560.0
64.0,2.0,53.5575,9.80306,1050.0
37.88,2.0,53.5869,10.1175,403.42
80.0,3.0,53.6016281,9.960312,1280.0
26.0,1.0,53.6038827,10.1581547,540.0
142.0,3.0,53.5575,9.80306,3430.0
109.0,3.0,53.5308822,9.8585234,1710.0
104.0,4.5,53.5539347,9.9594316,1740.0
38.8,1.0,53.5524166,9.8443521,880.0
80.3,2.0,53.605,9.91611,1205.0
63.62,2.5,53.6284111,9.9557091,779.0
110.57,3.0,53.5684065,9.9874317,1625.93
63.75,2.0,53.5798851,10.0432506,820.0
79.25,1.0,53.6485554,10.1647514,1190.0
78.0,3.0,53.5668105,10.0467025,936.0
22.1,1.0,53.57293715,9.958260688824495,262.0
105.0,3.0,53.6522,10.1169,1493.0
70.95,3.0,53.6038827,10.1581547,803.86
46.0,2.0,53.57293715,9.958260688824495,550.0
100.0,3.0,53.5715093,10.0127361,2950.0
46.0,2.0,53.5182412,9.8079161,966.0
132.81,4.0,53.5988941,10.0480997,2629.64
51.4,2.5,53.5988941,10.0480997,995.0
32.0,1.0,53.6016281,9.960312,665.0
102.0,2.5,53.5617679,9.9632822,1377.0
63.0,2.0,53.6038827,10.1581547,950.0
67.3,3.0,53.483838399999996,10.210046893663424,788.0
77.0,2.0,53.4458667,9.9852752,690.0
35.0,1.0,53.4922921,9.9962167,1600.0
100.0,4.0,53.5963901,10.0038317,1030.0
72.5,2.0,53.5963901,10.0038317,740.0
150.0,5.5,53.483838399999996,10.210046893663424,1865.0
53.0,2.0,53.5690699,9.9055827,950.0
75.0,2.5,53.4922921,9.9962167,1200.0
63.0,3.0,53.5963901,10.0038317,800.0
56.52,2.0,53.4562216,9.9872112,550.0
57.0,2.5,53.5614,9.94472,1100.0
45.6,2.0,53.5571491,10.0142558,481.99
62.35,3.0,53.5798851,10.0432506,721.39
50.89,2.0,53.6086,9.98694,739.94
58.0,2.0,53.5758367,10.1337359,1150.0
78.8,3.0,53.4206766,10.1999146,925.0
37.0,2.0,53.4739581,9.8426482,980.0
71.2,3.0,53.6100427,10.1124083,895.0
91.0,3.0,53.4739581,9.8426482,2200.0
134.0,3.0,53.5760029,10.0755348,3250.0
80.0,3.0,53.5758367,10.1337359,1550.0
50.43,2.0,53.6038827,10.1581547,655.0
55.87,2.0,53.5468152,10.0265586,643.0
92.7,3.0,53.4739581,9.8426482,1025.0
48.26,1.0,53.5468152,10.0265586,695.0
101.2,4.0,53.5468152,10.0265586,1475.0
42.73,1.0,53.5468152,10.0265586,635.0
70.0,3.0,53.5468152,10.0265586,1150.0
69.92,2.0,53.5668105,10.0467025,799.0
78.0,2.5,53.5575,9.80306,646.0
54.0,2.0,53.5429127,9.9958346,1190.0
36.0,1.0,53.4206766,10.1999146,410.0
44.2,2.0,53.6038827,10.1581547,1075.0
45.78,2.0,53.5715093,10.0127361,1035.0
53.13,2.0,53.483838399999996,10.210046893663424,1295.0
39.02,1.5,53.6323399,10.0233695,1045.0
52.28,2.0,53.6397433,10.0395255,471.0
69.0,2.0,53.5869,10.1175,1035.0
30.0,1.0,53.5758367,10.1337359,950.0
56.0,2.0,53.5540624,10.0889179,756.0
75.0,2.0,53.5182412,9.8079161,1099.34
76.0,2.0,53.6038827,10.1581547,2041.0
83.0,3.0,53.5540624,10.0889179,1150.0
90.0,4.0,53.6100427,10.1124083,1592.0
74.6,2.5,53.6522,10.1169,1150.0
68.0,2.5,53.6100427,10.1124083,850.0
68.0,2.5,53.6374003,9.9188308,820.0
59.0,2.5,53.6100427,10.1124083,620.0
74.0,3.0,53.5684065,9.9874317,888.0
78.4,4.0,53.5963901,10.0038317,807.52
21.0,1.0,53.4458667,9.9852752,265.0
40.0,1.5,53.5651302,10.0823813,490.0
65.5,2.0,53.6038827,10.1581547,990.0
73.8,2.0,53.561882,10.0211917,1115.0
34.0,1.0,53.5988941,10.0480997,389.64
63.7,2.0,53.5550626,9.8878602,935.0
36.0,1.0,53.4739581,9.8426482,430.73
74.0,3.0,53.5798851,10.0432506,925.0
70.0,3.0,53.4562216,9.9872112,745.0
88.95,3.0,53.6397433,10.0395255,835.0
114.0,3.5,53.5614,9.94472,1600.0
26.0,1.5,53.5988941,10.0480997,700.0
65.0,2.0,53.605,9.91611,1170.0
110.0,3.5,53.5758367,10.1337359,1950.0
57.53,2.0,53.5963901,10.0038317,420.54
72.83,3.5,53.6374003,9.9188308,1500.0
42.11,1.0,53.6038827,10.1581547,362.62
53.54,2.0,53.5738475,9.8602253,824.0
65.0,2.0,53.5540624,10.0889179,1432.0
68.23,2.0,53.5798851,10.0432506,1023.45
76.2,3.0,53.57293715,9.958260688824495,830.0
51.3,2.0,53.616809,10.0790012,1400.0
75.0,2.0,53.5963901,10.0038317,950.0
149.76,3.0,53.5651302,10.0823813,2160.0
63.0,3.0,53.6397433,10.0395255,880.0
87.7,3.0,53.57293715,9.958260688824495,1200.0
49.0,2.0,53.6374003,9.9188308,780.0
40.0,1.0,53.6374003,9.9188308,719.9
151.0,5.0,53.5690699,9.9055827,2552.56
29.55,1.0,53.6038827,10.1581547,500.0
140.0,3.5,53.5715093,10.0127361,3000.0
85.0,2.0,53.463229,9.9420937,1195.0
76.21,3.0,53.5571491,10.0142558,950.0
72.0,2.0,53.5571491,10.0142558,1672.0
129.0,4.0,53.5468152,10.0265586,1930.0
62.45,2.0,53.5468152,10.0265586,736.91
80.69,2.0,53.4562216,9.9872112,1363.66
38.68,1.0,53.616809,10.0790012,509.0
88.05,3.0,53.6105412,10.0038889,2300.0
63.32,2.0,53.5988941,10.0480997,797.83
84.27,3.0,53.5715093,10.0127361,1383.0
52.76,2.0,53.5550626,9.8878602,916.0
19.25,1.0,53.5614,9.94472,513.19
19.25,1.0,53.5534434,10.0512944,513.19
45.0,2.0,53.5758367,10.1337359,527.4
70.3,2.0,53.616809,10.0790012,750.0
74.0,3.0,53.5534434,10.0512944,1400.0
68.51,2.0,53.5963901,10.0038317,907.0
120.0,4.0,53.6100427,10.1124083,1761.0
49.4,1.0,53.4562216,9.9872112,719.0
48.0,2.0,53.54834,10.0018501,720.0
55.9,2.0,53.6016281,9.960312,725.0
113.19,4.0,53.5571491,10.0142558,1635.0
117.83,4.0,53.4922921,9.9962167,1900.0
36.45,1.0,53.5540624,10.0889179,475.0
53.85,2.0,53.5738475,9.8602253,1077.0
32.66,1.0,53.6397433,10.0395255,391.55
84.29,3.0,53.6284111,9.9557091,1222.0
86.63,3.0,53.5534434,10.0512944,1549.0
70.0,2.0,53.5988941,10.0480997,900.0
92.0,4.5,53.5988941,10.0480997,1655.0
45.0,2.0,53.5988941,10.0480997,630.0
47.89,2.0,53.5988941,10.0480997,557.44
44.0,1.5,53.5988941,10.0480997,749.0
79.0,3.0,53.5988941,10.0480997,671.5
69.0,3.0,53.5988941,10.0480997,1592.0
73.0,3.0,53.5988941,10.0480997,995.27
36.5,1.0,53.5684065,9.9874317,1131.5
25.5,1.0,53.5550626,9.8878602,790.5
56.5,1.0,53.5963901,10.0038317,1582.0
89.0,1.0,53.5534434,10.0512944,2314.0
53.0,1.0,53.6215437,10.0377601,1484.0
37.5,1.0,53.5534434,10.0512944,1162.5
32.0,1.0,53.4562216,9.9872112,992.0
28.0,1.0,53.5963901,10.0038317,868.0
70.0,2.0,53.5869,10.1175,1061.0
125.0,3.0,53.5869,10.1175,2875.0
55.0,2.0,53.561882,10.0211917,1190.0
55.0,2.5,53.5429127,9.9958346,599.0
77.15,2.5,53.483838399999996,10.210046893663424,1160.0
30.05,1.0,53.5498808,9.9790482,625.22
92.0,3.0,53.6323399,10.0233695,1180.0
42.7,2.0,53.6564,10.0742,451.34
58.0,2.0,53.6522,10.1169,650.0
99.0,3.0,53.6038827,10.1581547,1400.0
28.0,1.0,53.6374003,9.9188308,796.0
70.45,2.0,53.6374003,9.9188308,1585.0
78.5,3.5,53.616809,10.0790012,950.0
112.39,3.0,53.6374003,9.9188308,1620.0
83.0,3.0,53.5967771,9.9284099,1570.0
115.0,4.0,53.5967771,9.9284099,1790.0
45.41,1.0,53.5967771,9.9284099,535.0
49.0,1.5,53.5967771,9.9284099,600.0
75.5,2.0,53.6016281,9.960312,906.0
108.46,3.0,53.5988941,10.0480997,1247.29
50.0,1.5,53.6397433,10.0395255,516.56
73.0,2.0,53.5967771,9.9284099,1241.0
91.09,3.0,53.4297246,10.272787,1630.0
77.12,2.0,53.5715093,10.0127361,1390.0
77.67,2.0,53.6100427,10.1124083,1390.0
78.3,2.0,53.4458667,9.9852752,1330.0
60.0,2.0,53.6016281,9.960312,750.0
77.3,3.0,53.57293715,9.958260688824495,1390.0
56.0,2.0,53.6215437,10.0377601,557.0
27.0,1.0,53.5760029,10.0755348,550.0
62.0,2.0,53.5550626,9.8878602,750.0
34.0,1.0,53.6564,10.0742,790.0
47.0,1.5,53.5614,9.94472,471.0
97.0,3.0,53.483838399999996,10.210046893663424,1068.0
100.0,4.0,53.5690699,9.9055827,1600.0
125.0,3.0,53.5847,9.75639,2200.0
66.05000305175781,2.5,53.6100427,10.1124083,1160.0
44.0,2.0,53.5550626,9.8878602,875.0
107.9,3.0,53.5684065,9.9874317,1680.0
69.69,2.0,53.5715093,10.0127361,730.0
55.0,2.5,53.6374003,9.9188308,1650.0
57.0,2.0,53.6038827,10.1581547,770.0
60.0,2.5,53.5754331,9.9804402,750.0
119.5,4.0,53.5781026,9.8280542,1852.62
70.26,2.5,53.5825665,10.0629287,657.63
75.0,3.0,53.5690699,9.9055827,1040.0
121.0,3.0,53.6431,10.0897,2400.0
184.48,4.0,53.5903912,9.9868771,4275.0
59.04,2.0,53.6016281,9.960312,678.96
142.0,4.0,53.4377642,9.9694762,1990.0
119.0,3.0,53.5825665,10.0629287,2678.0
52.0,2.0,53.5738475,9.8602253,1303.34
30.0,1.0,53.6522,10.1169,580.0
24.0,1.0,53.6522,10.1169,500.0
90.0,2.0,53.616809,10.0790012,899.0
55.0,1.5,53.4458667,9.9852752,985.0
74.0,2.0,53.483838399999996,10.210046893663424,1596.0
76.97,2.0,53.5429127,9.9958346,809.0
52.16,2.5,53.5690699,9.9055827,427.19
32.0,1.0,53.5534434,10.0512944,420.0
142.23,4.0,53.5668105,10.0467025,2250.0
77.5,3.0,53.6038827,10.1581547,1200.0
85.69,3.0,53.6633,10.0083,1176.0
81.0,2.0,53.5488992,10.1226247,1576.0
83.9,3.0,53.5715093,10.0127361,990.0
51.11,2.0,53.5988941,10.0480997,1250.0
79.27,3.0,53.5988941,10.0480997,556.0
113.0,4.0,53.6038827,10.1581547,1450.0
96.6,3.0,53.5963901,10.0038317,1630.0
72.0,2.0,53.4562216,9.9872112,995.0
60.88,2.0,53.6038827,10.1581547,920.42
68.0,3.0,53.483838399999996,10.210046893663424,884.0
32.69,1.0,53.5488992,10.1226247,500.0
63.75,2.5,53.5807542,9.9683313,622.11
63.17,2.0,53.5814103,9.7963373,1103.0
77.5,3.0,53.6374003,9.9188308,835.0
120.0,4.0,53.6374003,9.9188308,1882.0
50.87,2.0,53.5929519,9.874564,794.0
51.8,2.5,53.483838399999996,10.210046893663424,437.75
80.0,2.0,53.5760029,10.0755348,820.0
29.0,1.0,53.5668105,10.0467025,585.0
92.0,4.0,53.6374003,9.9188308,2595.0
81.0,2.0,53.6633,10.0083,1440.0
65.08,1.0,53.4739581,9.8426482,1139.0
60.56,2.0,53.4252631,9.9734267,1080.0
137.0,4.0,53.5668105,10.0467025,1270.0
83.96,3.0,53.5651302,10.0823813,1007.52
41.29,2.0,53.5754331,9.9804402,448.0
30.0,1.0,53.616809,10.0790012,795.0
67.0,2.5,53.616809,10.0790012,825.0
79.45,3.0,53.6105412,10.0038889,1220.06
67.44,2.0,53.5963901,10.0038317,395.13
74.0,3.0,53.5429127,9.9958346,850.0
122.0,4.0,53.6100427,10.1124083,1647.0
172.0,6.0,53.5814103,9.7963373,2580.0
39.0,1.0,53.5760029,10.0755348,895.0
23.39,1.0,53.483838399999996,10.210046893663424,349.0
75.83,3.0,53.463229,9.9420937,760.0
210.0,6.0,53.5760029,10.0755348,4185.0
54.83,2.0,53.5760029,10.0755348,880.0
44.7,1.0,53.6284111,9.9557091,1355.0
75.9,3.0,53.5798851,10.0432506,732.83
43.0,2.0,53.5760029,10.0755348,683.0
65.0,2.0,53.5063478,10.2086426,975.0
74.51,3.0,53.6633,10.0083,740.0
47.49,2.0,53.5963901,10.0038317,434.0
57.1,2.5,53.483838399999996,10.210046893663424,687.62
57.8,2.0,53.6284111,9.9557091,983.0
34.72,1.0,53.6038827,10.1581547,855.0
74.5,3.0,53.5814103,9.7963373,795.0
53.0,2.0,53.5869,10.1175,795.0
110.0,4.0,53.5758367,10.1337359,1980.0
90.72,3.0,53.54834,10.0018501,1325.32
59.0,2.0,53.5963901,10.0038317,1123.6
80.0,2.5,53.5963901,10.0038317,1250.0
37.0,1.5,53.4206766,10.1999146,800.0
74.39,2.0,53.5967771,9.9284099,835.0
57.0,2.0,53.6100427,10.1124083,916.7
39.51,1.0,53.5798851,10.0432506,564.0
54.8,2.5,53.5540624,10.0889179,1100.0
51.87,2.0,53.616809,10.0790012,785.18
82.47,2.0,53.4458667,9.9852752,1285.0
122.0,4.0,53.5550658,9.9198188,1550.0
53.54,2.0,53.5550658,9.9198188,922.0
83.07,4.0,53.6038827,10.1581547,1080.0
44.32,1.5,53.5684065,9.9874317,487.52
42.5,1.0,53.5571491,10.0142558,691.61
65.1,2.5,53.5929519,9.874564,640.0
49.18,2.0,53.5063478,10.2086426,628.5
58.84,2.0,53.6100427,10.1124083,725.0
43.0,2.0,53.5668105,10.0467025,795.0
70.3,2.0,53.5758367,10.1337359,1400.0
93.0,3.0,53.6038827,10.1581547,1000.0
70.0,2.0,53.6038827,10.1581547,1327.53
142.53,5.0,53.57293715,9.958260688824495,2494.3
80.64,3.0,53.5963901,10.0038317,797.0
44.27,1.5,53.6038827,10.1581547,248.39
66.06,2.5,53.5963901,10.0038317,550.0
94.0,3.0,53.6100427,10.1124083,940.0
78.44,3.0,53.5903912,9.9868771,1170.0
66.0,2.0,53.432378,9.9904265,1020.0
51.0,2.0,53.5869,10.1175,865.0
46.98,1.0,53.5738475,9.8602253,1100.0
64.4,2.0,53.6431,10.0897,975.36
49.34,1.0,53.7055213,10.1043167,350.81
60.0,3.0,53.5760029,10.0755348,1799.0
59.07,2.0,53.6100427,10.1124083,609.0
118.0,4.0,53.5571491,10.0142558,2125.0
80.0,2.5,53.5715093,10.0127361,745.0
78.42,3.0,53.5814103,9.7963373,1260.0
133.2,4.0,53.5847,9.75639,1598.0
103.67,3.0,53.6485554,10.1647514,1500.0
102.0,3.0,53.6038827,10.1581547,2450.0
64.2,2.0,53.4562216,9.9872112,940.0
55.0,3.0,53.4562216,9.9872112,1236.0
72.0,2.0,53.6038827,10.1581547,1579.0
54.0,2.0,53.6100427,10.1124083,856.0
71.68,2.5,53.4681548,10.0309606,845.82
127.85,4.0,53.463229,9.9420937,2397.19
90.0,3.0,53.5758367,10.1337359,1050.0
46.74,2.0,53.5575,9.80306,660.0
56.0,2.5,53.5814103,9.7963373,595.0
45.79,2.0,53.5715093,10.0127361,642.43
76.4,2.0,53.5063478,10.2086426,1085.0
92.7,3.0,53.6038827,10.1581547,1380.0
115.0,3.0,53.5834338,9.9752203,1100.0
113.0,4.0,53.5550626,9.8878602,1190.0
112.64,4.0,53.4507864,9.9596853,1610.0
65.58,2.5,53.6284111,9.9557091,770.0
68.0,2.0,53.5429127,9.9958346,1220.0
57.49,2.0,53.6038827,10.1581547,1153.9
44.27,1.5,53.57293715,9.958260688824495,248.39
70.03,2.0,53.5550626,9.8878602,800.0
49.09,2.0,53.5869,10.1175,834.53
67.5,3.0,53.5760029,10.0755348,804.0
63.83,2.0,53.57293715,9.958260688824495,811.28
83.0,3.0,53.5690699,9.9055827,2000.0
70.45,2.0,53.5429127,9.9958346,1400.0
103.0,3.0,53.6038827,10.1581547,1596.5
120.0,3.0,53.483838399999996,10.210046893663424,2600.0
116.5,4.0,53.483838399999996,10.210046893663424,2000.0
52.32,2.0,53.5651302,10.0823813,905.0
60.3,3.0,53.6284111,9.9557091,875.0
67.62,3.0,53.5575,9.80306,1169.87
48.34,2.0,53.6323399,10.0233695,821.78
112.92,4.0,53.5754331,9.9804402,2201.94
95.0,3.0,53.5754331,9.9804402,1210.0
50.91,2.0,53.5684065,9.9874317,740.0
63.01,2.0,53.5684065,9.9874317,916.0
55.0,2.5,53.5540624,10.0889179,520.0
78.0,2.0,53.5754331,9.9804402,800.0
60.0,3.0,53.5798851,10.0432506,945.0
84.35,2.0,53.5468152,10.0265586,1550.0
135.0,5.0,53.5468152,10.0265586,3250.0
74.34,2.0,53.5468152,10.0265586,972.37
22.0,1.0,53.5468152,10.0265586,525.0
25.0,1.0,53.5468152,10.0265586,572.0
56.73,2.0,53.4507864,9.9596853,464.62
28.0,1.0,53.4922921,9.9962167,600.0
104.0,4.0,53.483838399999996,10.210046893663424,2400.0
51.86,2.0,53.5754331,9.9804402,1135.0
100.85,3.0,53.483838399999996,10.210046893663424,1795.0
46.29,2.0,53.5847,9.75639,1075.0
45.43,1.0,53.5963901,10.0038317,995.0
60.09,2.0,53.5655862,9.8792333,1295.0
52.04,2.0,53.561882,10.0211917,369.48
50.65,2.5,53.5346583,10.0360055,640.72
60.6,2.0,53.5614,9.94472,971.09
40.0,2.0,53.5758367,10.1337359,600.0
50.88,2.0,53.5963901,10.0038317,450.0
68.57,2.0,53.4206766,10.1999146,1319.97
61.9,2.0,53.4206766,10.1999146,1075.36
141.0,3.5,53.5967771,9.9284099,2590.0
75.0,4.0,53.5963901,10.0038317,2072.0
51.89,2.0,53.6323399,10.0233695,424.98
52.0,2.0,53.4507864,9.9596853,1596.0
39.51,1.0,53.5760029,10.0755348,564.0
71.0,3.0,53.6811,10.0867,1040.0
63.0,2.0,53.5540624,10.0889179,870.0
47.94,1.0,53.5540624,10.0889179,380.0
86.0,3.0,53.5715093,10.0127361,1850.0
67.07,2.0,53.5715093,10.0127361,640.0
58.91,3.0,53.5429127,9.9958346,660.0
71.0,2.5,53.5429127,9.9958346,884.0
29.0,1.0,53.5988941,10.0480997,750.0
150.0,3.0,53.5738475,9.8602253,3300.0
61.5,3.0,53.5684065,9.9874317,719.0
56.11,2.5,53.6323399,10.0233695,516.0
80.8,4.0,53.5690699,9.9055827,1911.0
135.59,3.0,53.483838399999996,10.210046893663424,2645.0
24.0,1.0,53.483838399999996,10.210046893663424,716.0
69.09,3.0,53.5847,9.75639,440.79
105.85,2.5,53.5798851,10.0432506,2222.85
124.11,4.0,53.5690699,9.9055827,1862.0
38.16,1.0,53.6038827,10.1581547,854.78
27.0,1.0,53.5903912,9.9868771,720.0
126.0,2.0,53.5760029,10.0755348,1953.0
53.0,2.0,53.5690699,9.9055827,990.0
83.2,3.0,53.4562216,9.9872112,1161.02
91.7,3.0,53.5798851,10.0432506,1766.0
53.24,2.0,53.5429127,9.9958346,958.32
48.7,2.0,53.5429127,9.9958346,842.83
75.38,3.0,53.5429127,9.9958346,1170.0
186.0,5.0,53.5571491,10.0142558,2900.0
47.0,1.0,53.5758367,10.1337359,596.0
113.0,2.0,53.4836,10.125,1864.5
21.0,1.0,53.5063478,10.2086426,487.0
52.3,2.0,53.561882,10.0211917,856.71
57.25,2.0,53.4562216,9.9872112,1400.0
52.07,2.0,53.5539347,9.9594316,1275.0
45.64,2.0,53.6522,10.1169,1118.0
96.0,3.0,53.5614,9.94472,2110.0
41.33,1.0,53.5429127,9.9958346,558.0
68.34,2.0,53.6038827,10.1581547,679.0
95.0,4.0,53.57293715,9.958260688824495,1650.0
25.35,1.0,53.57293715,9.958260688824495,679.0
77.0,2.0,53.5550658,9.9198188,807.0
43.0,1.0,53.5798851,10.0432506,960.0
87.0,2.5,53.6323399,10.0233695,1180.0
53.0,2.0,53.5429127,9.9958346,1352.0
70.57,3.0,53.483838399999996,10.210046893663424,1560.0
80.0,2.0,53.4836,10.125,1255.5
70.62,2.0,53.4379045,10.2260934,1053.2
68.48,2.0,53.5468152,10.0265586,1053.2
113.6,4.0,53.4252631,9.9734267,2045.0
55.16,2.0,53.5571491,10.0142558,935.8
73.46,3.0,53.5571491,10.0142558,1128.0
57.25,2.0,53.5571491,10.0142558,1374.0
59.45,2.0,53.5571491,10.0142558,776.0
72.74,2.0,53.5571491,10.0142558,764.0
100.0,4.0,53.5571491,10.0142558,1000.0
40.97,2.0,53.5571491,10.0142558,819.0
67.0,2.0,53.5063478,10.2086426,685.0
124.0,3.0,53.5758367,10.1337359,2925.0
83.0,2.0,53.5758367,10.1337359,1690.0
94.0,3.0,53.5651302,10.0823813,1905.0
88.0,2.0,53.5651302,10.0823813,1925.0
87.0,3.0,53.5651302,10.0823813,1985.0
86.0,3.0,53.5651302,10.0823813,2020.0
114.0,3.0,53.5684065,9.9874317,2645.0
87.0,3.0,53.6284111,9.9557091,1272.0
40.02,1.0,53.5760029,10.0755348,587.0
40.53,1.0,53.5571491,10.0142558,594.0
122.0,4.0,53.5182412,9.8079161,2440.0
118.0,4.0,53.4562216,9.9872112,2360.0
106.33,4.0,53.5429127,9.9958346,2126.6
109.0,4.0,53.5498808,9.9790482,2180.0
75.0,3.5,53.463229,9.9420937,1650.0
79.0,3.0,53.5963901,10.0038317,1650.0
42.6,1.0,53.6038827,10.1581547,769.0
168.0,4.0,53.5571491,10.0142558,3835.0
183.63,5.0,53.5571491,10.0142558,1719.55
105.0,3.0,53.5963901,10.0038317,1399.0
57.25,2.0,53.5798851,10.0432506,1400.0
53.7,1.0,53.5575,9.80306,1181.4
67.0,2.0,53.5967771,9.9284099,725.0
22.0,1.0,53.6522,10.1169,460.0
74.0,2.0,53.6522,10.1169,1147.0
107.0,3.0,53.5690699,9.9055827,2265.0
223.04,6.0,53.6100427,10.1124083,3568.27
52.05,2.0,53.5684065,9.9874317,833.0
113.27,4.0,53.6284111,9.9557091,1699.05
53.33,2.0,53.57293715,9.958260688824495,694.0
45.62,2.0,53.5807542,9.9683313,629.0
48.91,2.0,53.463229,9.9420937,685.0
104.0,4.0,53.4739581,9.8426482,1180.0
50.78,2.0,53.6215437,10.0377601,901.35
66.0,2.0,53.483838399999996,10.210046893663424,1125.0
161.0,5.0,53.5798851,10.0432506,2875.0
66.0,2.5,53.5967771,9.9284099,1375.0
71.44,2.0,53.561882,10.0211917,942.33
40.0,1.0,53.5967771,9.9284099,1116.0
28.0,1.0,53.5614,9.94472,430.0
54.0,3.0,53.5614,9.94472,550.0
60.33,2.0,53.5614,9.94472,1100.0
59.1,3.0,53.5614,9.94472,807.93
51.95,2.0,53.5614,9.94472,948.46
19.0,1.0,53.5614,9.94472,663.0
23.0,1.0,53.4206766,10.1999146,970.0
57.43,2.0,53.6100427,10.1124083,746.55
33.0,1.0,53.5690699,9.9055827,1102.0
62.0,1.0,53.5690699,9.9055827,2002.0
22.0,1.0,53.4836,10.125,802.0
44.0,1.0,53.483838399999996,10.210046893663424,1592.0
33.0,1.0,53.4836,10.125,1042.0
33.0,1.0,53.5539347,9.9594316,1232.15
93.0,2.5,53.5575,9.80306,995.0
30.05,1.0,53.5760029,10.0755348,400.0
58.71,2.0,53.6374003,9.9188308,1048.52
55.13,2.0,53.5967771,9.9284099,938.0
37.82,1.0,53.5967771,9.9284099,452.0
46.72,2.0,53.5967771,9.9284099,609.7
68.9,2.0,53.6038827,10.1581547,701.0
11.0,1.0,53.4458667,9.9852752,410.0
82.0,3.0,53.5571491,10.0142558,1070.0
82.85,3.0,53.5715093,10.0127361,1160.0
131.0,5.0,53.6284111,9.9557091,1799.0
50.04,2.0,53.6105412,10.0038889,676.0
83.6,3.0,53.5814103,9.7963373,1086.8
19.0,1.0,53.6105412,10.0038889,663.0
54.86,2.0,53.5063478,10.2086426,722.0
61.38,2.0,53.5550658,9.9198188,705.87
86.1,2.0,53.57293715,9.958260688824495,1885.0
66.0,2.0,53.5967771,9.9284099,1396.0
51.16,2.0,53.6016281,9.960312,555.0
